0,0,0,0,0,0,0,0,0,0,0,0,0,0,0,0,0,0,0,0,0,0,0,0,0,0,0,0,0,0,0,0,0,0,0,0,0,0,0,0,0,
0,0.0000022502313886489064,0.0000018696144172862412,-0.0000002485628310489926,-0.0000012345807267784855,-0.0000008939303982928528,-0.00000020123512380322627,0.00000044235169933139413,0.0000008637638652479262,0.0000010714094211910254,0.00000101519976889641,0.0000006599454737564913,-0.00000004177863381129304,-0.0000011120811891808618,-0.000002551688079890699,-0.00000432927505372037,-0.0000063838723153411404,-0.00000862705762223617,-0.000010951209303876925,-0.000013239475051211596,-0.000015377111858050094,-0.00001725985959649561,-0.000018801604206262234,-0.000019934968408410865,-0.000020615233274525888,-0.0000208166426551027,-0.00002053329874459266,-0.000019777251376351416,-0.000018575431224525866,-0.000016970791568906246,-0.000015021019425287138,-0.000012802618844364944,-0.000010420753623752013,-0.000008023337823699025,-0.000005799585161016031,-0.000003865174620334098,-0.000002014030266384629,0.0000006408364310038993,0.000004698428475794039,0.00000823535611695479,0,
0,0.0000029505628714939717,0.00000020611449088435154,-0.000005627607202240952,-0.00000849682060233801,-0.000008240491335336213,-0.00000712357250157281,-0.000006016616509708664,-0.000005240365230908175,-0.000004718817943392598,-0.0000044994338269402,-0.000004621438873658795,-0.000005167680268113309,-0.000006193896528422775,-0.000007732895277382536,-0.000009772443740459017,-0.000012254002190663214,-0.00001507057378181311,-0.000018074914720864158,-0.000021093448200738628,-0.00002394332088690934,-0.000026450603251853902,-0.000028461784523787975,-0.000029854548812822206,-0.00003054159346615286,-0.000030472346613539363,-0.000029636798795752927,-0.000028059072859085766,-0.000025800481146013358,-0.000022955301422897262,-0.000019650672879242247,-0.000016052067448536595,-0.000012379882984634055,-0.000008931804570127772,-0.000006062824137785637,-0.000003923144508106795,-0.00000188451733847694,0.0000022478131512423254,0.000010213363872354411,0.00001807280514343907,0,
0,0.000003016524425548004,-0.00000448114814634609,-0.000015741571481625427,-0.000021108058684849262,-0.000020925714214041696,-0.000019204902466354262,-0.00001745747754025767,-0.000016166150967594715,-0.000015186115948737531,-0.000014526324816743799,-0.000014202671033523863,-0.000014294206458897481,-0.00001485875521277329,-0.000015934459993897482,-0.00001751556107186282,-0.000019547809068901476,-0.000021923400262759877,-0.000024487185884490422,-0.000027049214436120297,-0.000029405743733474116,-0.00003135604112249856,-0.00003272333567683732,-0.00003336523929955775,-0.00003318376575083812,-0.00003213800037978666,-0.000030237265682345792,-0.000027552997360001776,-0.000024212675865508875,-0.000020396945698969106,-0.000016338453011895017,-0.000012326262958490212,-0.000008723938820077296,-0.00000599214506729234,-0.000004628596166312141,-0.000004730432263827059,-0.000004979719704276064,-0.0000013453380007663368,0.000009980766870490593,0.00002356194997429536,0,
0,0.000002680161585763265,-0.000010917200947105922,-0.00002773318103098371,-0.000034590932159572674,-0.00003300966352358614,-0.000029134897624743888,-0.00002525938048265041,-0.000022093803383855257,-0.00001947848640312268,-0.000017418720754259557,-0.000015930065712319034,-0.000015097843630440372,-0.00001498153786373186,-0.000015612344245300372,-0.00001696676566053528,-0.000018960019946797484,-0.000021442545428938074,-0.000024207109411382268,-0.000027008823486600226,-0.00002958414200996186,-0.000031680505860809894,-0.00003307389228131314,-0.000033585951817286335,-0.00003311227409237888,-0.00003160742340722141,-0.000029117026589022694,-0.000025767150333736005,-0.000021761932137003808,-0.000017381253278499836,-0.000012977698839351164,-0.000008981223652712735,-0.000005918690262335397,-0.000004434363713873974,-0.00000518640821658379,-0.000008228327001786234,-0.000011500852095512257,-0.000008862711286906936,0.000006219559327844643,0.000027319106818685737,0,
0,0.0000044178523988068785,-0.00001666937249385514,-0.000039250764588804974,-0.00004669246963480356,-0.00004249907968891291,-0.000035403103057636385,-0.000028611194140077218,-0.0000230727837340197,-0.000018596308796463456,-0.00001513623205421242,-0.000012657238794710203,-0.000011196746847346688,-0.000010767194491979935,-0.00001134907439473524,-0.000012864775696992019,-0.000015171509129128894,-0.000018058041548691278,-0.000021257700362563567,-0.000024462293119694828,-0.000027354684704821808,-0.000029629709009429045,-0.000031017177534884544,-0.000031332148954178816,-0.000030443739457930875,-0.00002834315248938522,-0.000025127028757030653,-0.000020995168627955767,-0.000016253177980533664,-0.000011307131367724331,-0.0000066612394859571,-0.000002923896758586293,-0.0000008285559146154471,-0.0000012465780475567704,-0.000005027634213625318,-0.000012182959272752088,-0.000019813782576713357,-0.0000193000576059324,-0.0000004881105905349456,0.000029872730038855144,0,
0,0.00000857560967171122,-0.000021512516578900915,-0.00004973101624306557,-0.00005636769604334031,-0.00004799546334116581,-0.00003642572304083731,-0.000025905307453882242,-0.00001758780358651253,-0.00001118522411536223,-0.000006516613085934735,-0.000003424031293966929,-0.0000018360752735913066,-0.0000016709203318956922,-0.0000028195582725505442,-0.000005119247049943194,-0.00000834190037791681,-0.000012197057173141896,-0.000016335287943032463,-0.000020378414265379782,-0.00002393811489052994,-0.00002664004788616182,-0.0000282032241596289,-0.000028375501680528464,-0.000027061946349421648,-0.000024296349663908365,-0.00002023608521770906,-0.000015174973328981212,-0.000009538957963293478,-0.000003883223078031165,0.000001106892382512563,0.0000046020354882543065,0.000005600518174195731,0.000002923864436743297,-0.000004552634601891225,-0.00001685344334648631,-0.00003017990965459345,-0.0000330532428867411,-0.000010613817487514563,0.00003104464841197706,0,
0,0.00001430025842483388,-0.00002684517746007239,-0.00006041355827196064,-0.00006452609421403691,-0.00005025243879144069,-0.00003300532531250289,-0.00001817214828126942,-0.000006994707601288301,0.0000010538071136984331,0.000006435348038749529,0.00000953566519223634,0.00001060828323570588,0.000009874746209463702,0.000007561695988389133,0.000003935957794099853,-0.0000006818835934213889,-0.000005906916983396164,-0.0000113095813839816,-0.00001642642545474497,-0.00002077720254779351,-0.000023979953811735806,-0.00002562931211573,-0.000025516682879303815,-0.00002358527529931438,-0.000019912372363287057,-0.000014740965988282487,-0.000008475956353315692,-0.0000016835851272055453,0.000004910211862399912,0.000010409099479661496,0.000013714326426239986,0.000013475870509372408,0.00000809198679140162,-0.000003969173413700461,-0.00002283829342039626,-0.000043752759094179174,-0.00005192142608334,-0.000026393483090302017,0.000029022226543130485,0,
0,0.00001964621625249371,-0.000035032983487304765,-0.00007321283712116177,-0.00007249712562878519,-0.00005023418278398469,-0.00002597261827190166,-0.000006304962877197118,0.000007637954901690763,0.00001683794092678022,0.000022232462283992753,0.000024560459855459757,0.000024332299458628203,0.000021947058126685274,0.000017770587401953627,0.000012181302081008598,0.000005609902230342187,-0.000001465275383956515,-0.000008511968891200496,-0.000014946173598574176,-0.00002028590109015783,-0.000023943226458747426,-0.00002557103365984195,-0.00002500021652870391,-0.000022191928074720768,-0.000017299948082511287,-0.000010666317910847904,-0.000002825058684582362,0.0000055021227627402395,0.000013401287373007438,0.000019737752016968944,0.000023089230080510483,0.000021654013656458142,0.000013241495979659059,-0.000004291953731199231,-0.00003134459961448328,-0.00006215365814057344,-0.00007811834427530617,-0.000050545793550576106,0.000021443120144985694,0,
0,0.00002172144506491826,-0.000049402730782983686,-0.00009099353522149177,-0.00008263806556415947,-0.00005003044666742717,-0.000017367999415313723,0.000007539875443694414,0.00002395871622572971,0.000033613549945504586,0.00003815463874220096,0.00003881382045075512,0.000036429294619933396,0.00003160786330545262,0.000024861333306864637,0.000016694015067195433,0.000007641824145970427,-0.000001699813347025337,-0.000010649366772370819,-0.000018632099540282047,-0.000024855510706219368,-0.000028812951703102713,-0.000030210095731846086,-0.00002886063097783874,-0.000024795788290356678,-0.000018256678716080435,-0.000009706064569646757,0.00000017833494781367802,0.00001050751713799057,0.000020168149984963093,0.000027765166951657247,0.0000314981064707142,0.000028994272891644202,0.00001726703751768049,-0.000006710158895614599,-0.00004382933917082913,-0.0000873192793966039,-0.00011424306455326287,-0.00008631246756283286,0.000005287202912403865,0,
0,0.00001730331709410991,-0.00007334982572739198,-0.00011660859651984653,-0.0000973566909590272,-0.000051854194125084756,-0.000009397563879824124,0.000021036649509142375,0.000039467522029722855,0.000048706831691737883,0.0000513817602435502,0.000049361500082883283,0.00004387883621374059,0.00003576697913035072,0.00002569992474939435,0.000014302963764709523,0.0000022431549372000644,-0.000009707081184576098,-0.000020888175285152,-0.000030291793806213763,-0.00003723361690701908,-0.000041288827749141726,-0.0000420975851056247,-0.00003954090546378703,-0.00003372558386803852,-0.000025008850983235686,-0.000013991613728922298,-0.000001508421254557894,0.000011378226109180765,0.000023351659333874062,0.000032742362989411816,0.00003732080634449685,0.00003401468053877979,0.000018800763451333446,-0.000012561969759896882,-0.00006175139301211463,-0.00012102294668998085,-0.00016259392611809657,-0.00013666285119030852,-0.00002248380049339687,0,
0,0.000003199773187882991,-0.00010997386282086887,-0.00015265587396491869,-0.00011901230088570455,-0.000058057093022464,-0.000004524936929557573,0.00003155812920125738,0.00005136996826825179,0.00005918358063252233,0.00005887404591478771,0.000053089834452566174,0.0000435136720539384,0.00003123252397066693,0.000017080839890029747,0.000001831671530000641,-0.000013646185705876215,-0.000028613784861852893,-0.00004184943042162998,-0.000052477077809227295,-0.00005994125227788709,-0.00006368860924674876,-0.0000634284580818465,-0.00005910509720940135,-0.00005094056449100096,-0.00003943058076441591,-0.000025333029772269132,-0.000009647819608122103,0.000006389628101954431,0.000021265144169263845,0.00003303251181577952,0.00003899340776376297,0.00003525136896709795,0.000016492659248976478,-0.00002310772864665571,-0.00008635742194356403,-0.00016462618421773736,-0.00022484805178885634,-0.00020390804769095293,-0.00006459821111149709,0,
0,-0.000023113510945395626,-0.0001613358816639714,-0.00020077484380593926,-0.00014926914256813137,-0.00007052491118200954,-0.000004892071155350014,0.00003673994906011146,0.00005712871721983269,0.00006238258563475717,0.00005788230930659491,0.00004718297812855148,0.0000324777223855512,0.000015120666177381389,-0.000003862570749191971,-0.000023470903694214916,-0.000042872325437955954,-0.00006064920177676894,-0.00007572429262257814,-0.00008741263427362557,-0.00009495397708214464,-0.00009787033502810431,-0.00009592079126433563,-0.00008916687285077508,-0.0000779737232622492,-0.00006300221856500873,-0.00004518162905563683,-0.000025680090900790863,-0.0000058968795355006475,0.000012473123408394527,0.000027218629197272767,0.000035149541557040205,0.00003143777805220933,0.000009234682366459866,-0.00003924760945417701,-0.00011832240898576349,-0.00021862351236182445,-0.00030150113808930944,-0.00028905751481875426,-0.00012290202701148014,0,
0,-0.00006315085437106003,-0.00022813716518714925,-0.00026139214879777,-0.0001888904665221349,-0.00009049943818351992,-0.000012153918381961369,0.00003464414882328069,0.000054632949498867905,0.00005609858708929184,0.00004614794559062507,0.000029361528920447034,0.000008486733010468836,-0.000014812704516213846,-0.00003923138466571267,-0.00006378848761117296,-0.00008688549670785686,-0.00010724070913459418,-0.00012403692071091254,-0.00013630087643812396,-0.00014335714653518851,-0.00014476273783645314,-0.00014039799176287905,-0.00013047488247832557,-0.00011553705279074793,-0.0000964315306491636,-0.00007426749206151369,-0.00005037563022463223,-0.000026300147870393412,-0.00000388827141297316,0.000014410191056030908,0.000024911706240464828,0.000021779270792446818,-0.0000035800702423986756,-0.00006127081665296816,-0.00015749360836892485,-0.0002823631822902565,-0.0003915439579709459,-0.0003914280918537992,-0.0001979612942742656,0,
0,-0.0001171470581451575,-0.0003094686951042605,-0.0003334898210841367,-0.0002374907471512388,-0.00011831038410272785,-0.000027197646229555454,0.00002404268840959429,0.000042480219576090464,0.00003885937069338316,0.00002218962098501459,-0.0000018355238694738113,-0.000029854775487324176,-0.00005979620938520683,-0.00009031087486039965,-0.00011959745280857517,-0.00014615704553350595,-0.00016902858417230365,-0.00018702569160630275,-0.0001992699435306428,-0.00020510562361352944,-0.00020421633855629306,-0.00019664191112159267,-0.00018278928578245444,-0.00016340775628333244,-0.00013954417491162448,-0.00011248578914124929,-0.00008370945117004346,-0.000054874843464675644,-0.000027942544835935565,-0.000005560816764626064,0.000008114282581477253,0.000006198868367648562,-0.000021796745265030464,-0.00008858998319886771,-0.00020263008964461246,-0.00035379873458704576,-0.0004922197617377887,-0.0005083640161450237,-0.0002887397431226762,0,
0,-0.000184062592333315,-0.00040288584911274086,-0.0004146693038271233,-0.00029353368284594283,-0.00015331149587561295,-0.000050038745842258774,0.00000454147960112467,0.00002010962860985831,0.000010076150435990257,-0.00001453820260274316,-0.00004685176369761958,-0.00008278989720367287,-0.00012007631827142685,-0.00015650277415949656,-0.00019029495333161466,-0.0002203078437827187,-0.00024514303739094615,-0.0002637156348772361,-0.0002751522026118343,-0.00027892967661415216,-0.00027490131221085887,-0.00026332032158758126,-0.00024482128285013415,-0.00022037668223203518,-0.00019123321847003613,-0.00015884062970165683,-0.00012479289460971702,-0.00009082538792650109,-0.00005896461146369675,-0.0000320069872707102,-0.00001453951590457502,-0.000014487585861235375,-0.000044318517987304584,-0.00011957718528788212,-0.0002512821877897681,-0.000429436577532458,-0.000599042033768618,-0.0006352553461457318,-0.0003925168342583888,0,
0,-0.0002617266812604336,-0.0005046291411861008,-0.0005013289226435269,-0.0003544043572681174,-0.00019386302130231005,-0.00007974883112060675,-0.000023325637797975042,-0.000012093237186039527,-0.000029855370417630425,-0.0000635283095521983,-0.00010495960685770144,-0.00014953498184659496,-0.00019404199712463107,-0.00023617782726751313,-0.0002745041847512854,-0.0003073901062430452,-0.00033353579815555883,-0.00035184823725293327,-0.00036159234723631386,-0.00036242584327690543,-0.00035443511221863093,-0.0003381245875111929,-0.00031437691979595457,-0.0002843877141784323,-0.00024958578595919766,-0.00021155125665897254,-0.0001719528315647512,-0.00013255281216743736,-0.00009539113149880164,-0.00006335683269203138,-0.00004141078309673059,-0.00003847370256435412,-0.00006899626508109293,-0.0001514732323577172,-0.00029976430602056864,-0.0005044157128766347,-0.0007059964181441707,-0.0007657824963554265,-0.000505003099567022,0,
0,-0.00034710575057058784,-0.0006099841013637401,-0.0005889656796314123,-0.00041658895064792444,-0.00023740712273406138,-0.0001144661859597182,-0.000058074238463462714,-0.0000527680083354588,-0.00007951927828328855,-0.00012316458546641896,-0.00017444291927756552,-0.00022761545419809975,-0.0002791744586330273,-0.0003270635629351975,-0.0003693237581959129,-0.0004044044114957373,-0.00043098464240324603,-0.00044811393890373664,-0.00045524952687428315,-0.00045230304621573207,-0.0004396370874324748,-0.00041803031247294884,-0.0003886122058327027,-0.00035277953867557876,-0.00031210469484329147,-0.00026824847311027216,-0.0002228992275677693,-0.0001777907258320277,-0.000134922680523661,-0.00009722158677772195,-0.0000699570042181521,-0.000062966641021417,-0.0000926232302097249,-0.00018040797312098136,-0.0003432505912119081,-0.0005727300836857185,-0.0008059130926496896,-0.0008923607673928706,-0.0006206394570529598,0,
0,-0.00043658273614013575,-0.0007136456003569487,-0.0006724796630267844,-0.00047586301893639714,-0.0002805581565809813,-0.0001514219875853301,-0.00009727096605754347,-0.00009957458003212466,-0.000136468848220062,-0.00019090820820479333,-0.00025212941816010845,-0.0003137943988870351,-0.0003724513192717708,-0.00042549121841544226,-0.00047099094191512333,-0.0005073641725471648,-0.0005334318248250818,-0.0005484471044276024,-0.0005521422977169692,-0.0005447318596332417,-0.000526880528770477,-0.0004996388528590876,-0.00046435642271489144,-0.0004225847192254538,-0.00037597982706355477,-0.00032621695821882514,-0.00027493844578038024,-0.00022379024702010272,-0.00017468071615288718,-0.00013052419571550202,-0.00009683389533323564,-0.00008426713039406257,-0.0001110088873590421,-0.00020149913875485817,-0.00037594420404808894,-0.0006275170663516293,-0.0008909017773925849,-0.001006661007802387,-0.0007329833369700665,0,
0,-0.0005261823691524079,-0.0008100113885707846,-0.0007464165738598833,-0.0005274432179347439,-0.00031917798684049086,-0.00018697063813211316,-0.00013754571294021575,-0.0001491995882242306,-0.00019737966166561915,-0.0002629839973478193,-0.0003341888763315434,-0.0004044209924762198,-0.000469613071824973,-0.0005271204440377261,-0.0005749592304883127,-0.0006116780408235027,-0.0006363101345857689,-0.0006484050573188494,-0.0006480259411122877,-0.0006357200613674113,-0.0006124519693903705,-0.0005795135449349584,-0.0005384206647037979,-0.0004908093457530513,-0.0004383404487184098,-0.0003826237206200371,-0.0003251822562581033,-0.00026751379430840023,-0.00021138919842892998,-0.0001596701388956131,-0.00011805586756173612,-0.00009792184661842856,-0.00011913200868085261,-0.00020902590414881118,-0.00039130200500381843,-0.0006613687582946613,-0.0009527756090174103,-0.001100113215160076,-0.0008351047713289982,0,
0,-0.0006116755755829882,-0.0008933257085302888,-0.0008050768032311387,-0.0005660457533032512,-0.0003484018150669956,-0.00021660116992435965,-0.00017459991729100287,-0.00019746724352403365,-0.0002578546664790637,-0.00033500253296620837,-0.00041640424115423644,-0.0004947735110060925,-0.0005658919134465418,-0.0006270223037434423,-0.0006762959552329586,-0.0007124804726914281,-0.000734924762007412,-0.0007435395320735157,-0.0007387547097542094,-0.0007214502951027886,-0.0006928585179381334,-0.0006544537061892655,-0.000607839720708416,-0.0005546473409194931,-0.000496448804775467,-0.0004346991385230659,-0.0003707245346317914,-0.00030581457185622574,-0.00024156185753721742,-0.00018074467392362932,-0.00012920272085570542,-0.00009893767081950191,-0.00011136198167368285,-0.00019666129342763087,-0.00038228765450743163,-0.0006666218087475867,-0.0009833998856512696,-0.0011643165452129903,-0.0009199295251908402,0,
0,-0.0006885582697986999,-0.0009576695373832826,-0.000842492552617342,-0.0005858654155017951,-0.0003626386687226747,-0.00023496171670018705,-0.00020331344999582738,-0.0002392710471525165,-0.00031291240420017587,-0.0004022007807840985,-0.0004936806744294968,-0.000579781900255341,-0.0006561368246766402,-0.0007201032720985193,-0.0007700308187821309,-0.0008050237395182896,-0.0008248236745980459,-0.0008297478222950974,-0.0008205983405190719,-0.0007985578227446967,-0.0007650659015745124,-0.0007216968727731073,-0.0006700460981583521,-0.0006116363684763417,-0.0005478493905664846,-0.0004798911772950179,-0.00040881100906182033,-0.0003356303715984799,-0.0002617255807089566,-0.00018976750343206494,-0.00012570281524993803,-0.00008208595533305852,-0.00008177272866108662,-0.00015778203681539026,-0.000341664058316719,-0.0006356278499391306,-0.0009749590597317073,-0.0011913429023203668,-0.000980520282957327,0,
0,-0.000751917325173948,-0.0009968077213622845,-0.0008522824243136662,-0.0005804845083925807,-0.00035555646559173637,-0.00023594900433567825,-0.000217774856982457,-0.00026897212501876305,-0.00035723643271853644,-0.00045916506778386,-0.0005607472423371126,-0.000654215855392208,-0.0007352608560382573,-0.0008014704144110727,-0.0008515497230881093,-0.0008850361561988126,-0.0009021236437943515,-0.0009035522226022674,-0.0008904729402856762,-0.0008643143822963437,-0.0008266420880359913,-0.0007790327842715269,-0.000722967420623758,-0.0006597529274837637,-0.000590475977815834,-0.0005159975399946921,-0.0004370077841333727,-0.0003541969756040209,-0.00026868358700510997,-0.00018300593354507116,-0.00010319032263074198,-0.00004229026791709303,-0.000024538409963648727,-0.00008584165068680463,-0.0002623098453757212,-0.0005609916324114306,-0.0009201344297694755,-0.0011739319448567966,-0.0010103010994659527,0,
0,-0.0007963140179058785,-0.0010040495876353884,-0.0008275453561298923,-0.0005428748521063945,-0.00032023721709358634,-0.0002129237209711763,-0.0002117667533581681,-0.0002808344673125641,-0.0003852748792735807,-0.0005006603075070619,-0.000612574757390533,-0.0007133044284165891,-0.0007987722792074174,-0.0008669694001048853,-0.0009170804884460705,-0.0009491598770748084,-0.0009638881076369483,-0.0009624188202444401,-0.0009462052378287902,-0.0009168477773580044,-0.0008759456878878304,-0.0008249761405313262,-0.0007651998441924134,-0.0006976022463097222,-0.0006228725006829564,-0.000541430118401608,-0.0004535194876838123,-0.0003594270739267842,-0.00025995819270006225,-0.00015747902082639175,-0.000058060388390842914,0.000024788649183580923,0.00006548644276273314,0.000025101447444968232,-0.0001376428801497779,-0.0004358545164356895,-0.0008122671163568754,-0.0011056473354286807,-0.0010032851457294596,0,
0,-0.0008155794007412601,-0.0009719559863609634,-0.0007605981367126576,-0.0004652911968886998,-0.00024922270370592947,-0.0001590100182282263,-0.00017911513496021142,-0.0002692093221008277,-0.00039193458689218034,-0.000522018092769619,-0.000644899586366908,-0.0007531635472396114,-0.000843180681259539,-0.0009135184836466043,-0.0009639603146768724,-0.000995143723060566,-0.001008249910209797,-0.0010048183452800576,-0.000986544808651955,-0.0009551217857399281,-0.00091209122025202,-0.0008587348982383691,-0.0007959959069619444,-0.0007244405141486099,-0.000644262591683505,-0.0005553428735418505,-0.00045738458186011063,-0.0003501796744026742,-0.00023413736161658318,-0.00011137839257377715,0.000012048148430253591,0.00012223459117042572,0.00019225720705607645,0.00017994362377274966,0.000038076553875368834,-0.0002540155497061302,-0.0006453213449217979,-0.000980835928619488,-0.000954195019972009,0,
0,-0.0008030729965797373,-0.0008926112977117123,-0.0006433588866670286,-0.00033988978676404797,-0.00013543761150509536,-0.00006820530155426322,-0.00011479955491190913,-0.0002300089715050466,-0.0003738520538359126,-0.0005204829098515569,-0.0006554640608417313,-0.0007719818781291876,-0.0008670874362365625,-0.0009401108749557565,-0.0009915474738088025,-0.0010226734773721398,-0.001035172900956176,-0.0010309360704281666,-0.0010118413291647233,-0.0009796000320297007,-0.0009356176554288021,-0.0008808992534580248,-0.000815987154948997,-0.0007409419940605285,-0.0006553702564541298,-0.0005585139590136093,-0.0004494258473189872,-0.00032728429496159275,-0.00019197454976234535,-0.000045238751670018366,0.00010702899915315461,0.00025063551094906797,0.00035734402169546037,0.00038147239125809287,0.0002689118797733722,-0.000010464755416389076,-0.00041413139109968344,-0.0007947766714333885,-0.0008587507441209977,0,
0,-0.0007508382138416124,-0.0007563659664766792,-0.0004660847494241851,-0.00015773144888624614,0.000028552878832575357,0.00006522013683569696,-0.000014623563914819617,-0.0001602603506788799,-0.00032896233394651614,-0.0004946550841613051,-0.0006433612136566085,-0.000769238073636286,-0.0008702868129809467,-0.0009468053902920588,-0.0010001176755474604,-0.0010321926894658253,-0.0010452188374523092,-0.0010414069949906146,-0.0010227689116681417,-0.0009909776412046249,-0.0009472419917714011,-0.0008922282496387371,-0.0008260121476718356,-0.0007480753951058947,-0.0006573517401693241,-0.0005523417894616205,-0.0004313217979152998,-0.00029270110788923035,-0.0001356513225588864,0.00003868726809023128,0.0002248230078436516,0.00040851094510721965,0.0005603279488190507,0.0006308229582931466,0.0005578831753413989,0.00029951594138657723,-0.0001132479817722156,-0.0005425338081748858,-0.0007130119587483708,0,
0,-0.00065197240493158,-0.0005548812054643375,-0.00022098949753497467,0.00008687941097424999,0.00024569145196809883,0.00024142716387262066,0.00011943467965503078,-0.00006348078648174993,-0.00026174364814863426,-0.0004495946173776159,-0.0006139722027598839,-0.0007504866826022948,-0.0008584167644468129,-0.000939267624972382,-0.0009953226773155924,-0.00102930637913874,-0.0010439221546061069,-0.0010416840881080772,-0.0010247054542083399,-0.0009945838509637392,-0.0009522920981949628,-0.0008981156332921172,-0.000831615558761512,-0.0007516357848344627,-0.0006563609848732756,-0.0005434473608313971,-0.00041025239836651485,-0.00025421908716169185,-0.00007353650092608031,0.00013160743048790054,0.0003565512004397208,0.0005874534107117059,0.0007940619455551566,0.0009230418872675302,0.0009030827662397773,0.0006772659781701111,0.00026090486838569604,-0.0002204159019311236,-0.000514559423625635,0,
0,-0.0004927834024144107,-0.0002706852339791876,0.0001086841362290533,0.000407131996031856,0.0005249447350916618,0.0004655204475730036,0.00028986821751657624,0.00006123558504049893,-0.00017201900260856143,-0.00038534298999107073,-0.000567252569353078,-0.0007154544092770202,-0.0008309142975025464,-0.0009166283187390892,-0.0009759906476020975,-0.001012555763696347,-0.001029564293151373,-0.001029829873466546,-0.0010155517108480776,-0.0009882323222339079,-0.0009485872518904013,-0.0008964972290956925,-0.0008309794472342854,-0.0007502003682093291,-0.0006515373746662143,-0.0005317117762365659,-0.00038701823380058847,-0.00021370623629460875,-0.000008636593130804447,0.00022945198163096592,0.0004973931067888584,0.0007825389239826506,0.001054576697806423,0.001256538139544428,0.001306831957138146,0.001129811347037902,0.0007190950088859235,0.00018257284544019164,-0.0002561141434443526,0,
0,-0.0002727315048722961,0.00009558215317432005,0.0005176230539346696,0.0007894808062603312,0.0008453309829727806,0.0007107203896418521,0.00046666565903377005,0.0001824139210503181,-0.00009146368870194126,-0.00033313611960917737,-0.0005337032776241224,-0.0006938347200328575,-0.0008166965857367847,-0.0009071032615647138,-0.0009697259036363747,-0.0010090269593853289,-0.0010288095154201786,-0.0010321873412592482,-0.0010214366390163053,-0.0009979534716794453,-0.0009621853878221286,-0.0009135985434325522,-0.0008506559757177569,-0.000770831735600072,-0.000670666426166737,-0.0005458832417172797,-0.0003915846743167292,-0.00020258288431666672,0.000026012280975387225,0.0002975862022343441,0.000611462756256874,0.0009575073874751592,0.0013068639336873353,0.00160002418052754,0.0017446749006051242,0.001642080877948454,0.0012559320438050487,0.0006662465342040635,0.00006155331899818839,0,
0,0.0000622648243016601,0.0006119235999013948,0.001071062513099023,0.0012890010207815647,0.0012532695697927989,0.0010175015814925354,0.0006880505816757191,0.0003382426652914129,0.000019386788664120932,-0.0002517731682177788,-0.0004703528793056096,-0.0006410596434648631,-0.0007698429659397965,-0.0008636606471316541,-0.0009286057030173389,-0.000970098476447803,-0.0009925082484442541,-0.0009992329384273927,-0.0009926066188974646,-0.000973903079702609,-0.0009432944362820157,-0.0008998358979874594,-0.0008414528914005847,-0.0007649544076159786,-0.0006660730707952659,-0.0005395423346249945,-0.0003792204407803749,-0.00017830513815407476,0.00007024167450297338,0.0003726736169440479,0.0007320496624533871,0.0011426140412296962,0.0015794430655271569,0.0019829149774425385,0.0022509462903502566,0.0022573012325435553,0.0019248444253373376,0.0012869076981713505,0.0004815598713504463,0,
0,0.00044051549937734356,0.0011707686879445518,0.0016336169774735427,0.0017406659971984189,0.001565284827998476,0.0011924601276238145,0.0007581299824135292,0.00033410665108925063,-0.0000311334206425065,-0.0003296652729037731,-0.0005626686233839045,-0.0007401517580069434,-0.0008714476895869676,-0.0009659087394308883,-0.0010311182099244996,-0.0010734305393219506,-0.0010977289709903438,-0.0011076357015600221,-0.0011054925112634626,-0.0010924155635795752,-0.0010682879846882997,-0.0010317671049670683,-0.0009802847633784033,-0.0009100592388950042,-0.0008161104392834219,-0.0006922736577253425,-0.0005312030324308437,-0.0003243876167133598,-0.0000622774681361419,0.000265093009353504,0.0006661471497488033,0.0011422935643068234,0.001676802651968648,0.002215243572203528,0.002650485552784485,0.0028269087990031505,0.0026145983964489016,0.001968960467452709,0.0009566166085245807,0,
0,0.001228641868652858,0.0022237171904026295,0.0026610416339432727,0.002585575354632215,0.00221566913447195,0.0016706433307388656,0.0011184692534156194,0.0006197508014008256,0.00021435089302409088,-0.0001032055096508899,-0.0003423766606320419,-0.0005194637369291397,-0.0006475016532058681,-0.00073820219152883,-0.0008005028345491892,-0.000841512242233971,-0.0008664684313574773,-0.0008790817774961501,-0.0008816015042812787,-0.0008749226102615961,-0.0008586202320258219,-0.0008309864583136654,-0.000789052311119361,-0.0007286037255438931,-0.0006441719535956515,-0.0005289738921956795,-0.0003747679069727169,-0.0001716118799235956,0.00009242907411181645,0.0004312905080850507,0.0008598263557505642,0.0013891667666815482,0.0020157093698609223,0.002697850811436037,0.003332533509854824,0.003737221187584201,0.0037173225372391567,0.003097064289134958,0.0018002346372582368,0,
0,0.0016248124809818845,0.0026286578207550143,0.002851533411025455,0.0024111038778250743,0.0017438409925118312,0.0009769891727579077,0.0002972254124829467,-0.0002675361169781568,-0.0006976212270753304,-0.0010182477586233674,-0.0012497820637155314,-0.0014153955360395216,-0.0015317419368776608,-0.0016124651315142366,-0.0016674543822658855,-0.001704198246686997,-0.0017280009875999154,-0.0017424357879093683,-0.0017495013766928643,-0.0017497751431360309,-0.0017424945411804258,-0.0017256287386796171,-0.001695929443340289,-0.0016489557099304793,-0.001579040652351041,-0.001479152059035518,-0.0013405792517352038,-0.0011523755819880964,-0.0009005072683535027,-0.0005668858873709952,-0.00012888481076677927,0.00043818435838025705,0.0011523105428554764,0.002000223603552582,0.0029063381268228756,0.003683635786413561,0.004081058511375285,0.0037308359587020197,0.0023779573409482423,0,
0,0.0045309636247806585,0.006002660364880594,0.0059889511992779546,0.005087525332442581,0.004088234098353722,0.00311097385501327,0.0023403351428477287,0.0017510684217200774,0.001332358558797746,0.0010369340260390331,0.0008336345398517556,0.0006941434288526657,0.0005996123722067702,0.0005357562451284167,0.0004926203363947244,0.00046300062416402616,0.0004419833799660742,0.0004264579443274751,0.0004148888488756195,0.0004071345563279187,0.0004043186609792989,0.0004087185184102772,0.0004236736872180483,0.00045353359611333415,0.0005036830209791233,0.0005807084007852857,0.0006927954321605565,0.0008504823677954107,0.0010679342731139629,0.001364815842195743,0.0017685928868021788,0.002315327059292685,0.0030457151553584844,0.003983839499855686,0.0051029658734707585,0.006240511986951808,0.007103971178140896,0.007024197380891943,0.005223698929484811,0,
0,0.0022066546235699697,0.001867420511196387,0.0006680376384602413,-0.0012473189586351366,-0.002772211749450216,-0.003989657568425564,-0.004814602953781837,-0.005376379111810655,-0.005738538741048913,-0.005973930756503514,-0.006124244703036202,-0.006220248398606983,-0.00628098939099596,-0.006319710215179683,-0.006345338400414943,-0.006364013693048316,-0.006379741709393856,-0.006394816921558406,-0.006410090710399795,-0.006425156120423664,-0.006438516222695473,-0.0064477306070969045,-0.006449546604732741,-0.006439981482725284,-0.006414314948470429,-0.00636692011418242,-0.006290825524676319,-0.006176824917855089,-0.0060118142858300435,-0.0057758671711736955,-0.0054374026511047596,-0.004946803132344816,-0.004230109543624569,-0.0031952012836133116,-0.0017519524038111735,0.00008441520550259848,0.0021543067645724352,0.003594148303915251,0.003520816643676238,0,
0,0.019338085063667947,0.021269619586696663,0.019676646600609336,0.01723485622568194,0.015538756164230155,0.014374184472615204,0.013689673346938913,0.013281374968352662,0.01304889351841539,0.01291570341107144,0.012841572171364895,0.012801810077190057,0.012781613556994044,0.012771452824104882,0.01276486995778587,0.012757657891612739,0.012747239563082104,0.012732464052374423,0.012713357619136082,0.01269096565153738,0.01266715556599808,0.012644437006258748,0.012625783152556459,0.01261449267911063,0.012614116373772221,0.012628493655125202,0.012661960668682054,0.012719865527849417,0.012809694671021402,0.012943492101900165,0.013142821911194726,0.013447829619415696,0.013931452837187134,0.014711730919533556,0.015956832137161172,0.01779571264331684,0.02021084072233165,0.021938248585326246,0.019843978082030554,0,
0,-0.01645160495495223,-0.028734181770413206,-0.03523021298344199,-0.039785667892103874,-0.04201907958421164,-0.04313422406760939,-0.04361541391914606,-0.04380782066384109,-0.04386809836408491,-0.04387019068723649,-0.043848990472526335,-0.043819272833542276,-0.043789667712678775,-0.043764714216035124,-0.043747619038335024,-0.043740108563478305,-0.0437429506043142,-0.04375590667438461,-0.04377794893484866,-0.04380738307501976,-0.043842058012842,-0.043879556736264355,-0.04391739243837186,-0.04395316770284594,-0.0439846902887021,-0.04401002773583272,-0.04402748428907028,-0.044035413080301275,-0.0440315773643691,-0.04401115451113512,-0.043961337743958086,-0.04384801831152267,-0.043587831847252144,-0.04299580083373317,-0.04169976120314721,-0.039057639452961576,-0.03404703284884004,-0.026259690752453504,-0.014208058935509563,0,
0,0.11804147946680757,0.12578108558774884,0.12203251073913966,0.11955374342048061,0.11855768903238705,0.11834578037442658,0.11837493349108526,0.11848849316347673,0.11859989611755725,0.11870090456684984,0.11878500638197494,0.11885545219057188,0.11891196467856001,0.11895498510477184,0.11898400704505117,0.1189990734038415,0.11900058616077028,0.11898962516751103,0.11896780060878924,0.1189371674568474,0.11890001226925784,0.11885865042089375,0.1188152087806054,0.11877143235383185,0.11872849824566685,0.11868680513314796,0.1186456509691311,0.11860267915761419,0.11855296507073347,0.11848791816650353,0.11839474074529209,0.11825971812090336,0.1180803352856828,0.11790461355292164,0.11790911606445317,0.11858573183175337,0.12079487207161842,0.12448142637943617,0.11712500129457332,0,
0,-0.26958419530666805,-0.3358364230833957,-0.35479744082911824,-0.3588389838623652,-0.3596499347962735,-0.35938152732198053,-0.35902720383184694,-0.3586712038601019,-0.35838647951099367,-0.3581515483021896,-0.35796513524128987,-0.35781713257063286,-0.3577046485555517,-0.35762403838653445,-0.3575730658538354,-0.357548958261936,-0.35754883444861446,-0.3575694441171449,-0.35760746544195166,-0.35765967608551835,-0.35772322790393873,-0.3577958579651078,-0.3578760742290612,-0.3579632858109322,-0.3580579175003324,-0.3581615694378764,-0.3582773547639417,-0.3584106167563375,-0.3585703415353509,-0.3587714966518818,-0.35903849956243533,-0.359407818612689,-0.3599268938640056,-0.3606227262459686,-0.3614045203418842,-0.3615708387492053,-0.358491375658198,-0.3412355138595157,-0.27381925025499004,0,
0,1,1,1,1,1,1,1,1,1,1,1,1,1,1,1,1,1,1,1,1,1,1,1,1,1,1,1,1,1,1,1,1,1,1,1,1,1,1,1,0,
